sal_code,area_name,people,median_age,median_personal_income_weekly,median_family_income_weekly,median_household_income_weekly,median_mortgage_monthly,median_rent_weekly,avg_household_size
SAL12749,Mosman,28329,45,1487,4502,2892,3870,590,2.3
SAL14089,Vaucluse,9510,43,1393,4560,3418,4200,700,2.7
SAL10462,Bondi,10411,34,1386,3345,2546,3033,656,2.1
SAL13714,Surry Hills,15828,35,1442,3551,2308,2839,550,1.8
SAL12969,Newtown (NSW),14690,34,1309,3383,2330,3000,550,2.1
SAL11645,Glebe (NSW),11680,38,1045,2947,1756,3000,420,2
SAL13167,Parramatta,30211,32,1015,2314,2092,2080,440,2.4
SAL10396,Blacktown,50961,34,757,1935,1774,2094,400,2.9
SAL12370,Liverpool,31078,34,589,1475,1303,1733,370,2.6
SAL11480,Fairfield (NSW),18596,40,454,1246,1092,1733,365,2.9
SAL10738,Cabramatta,21142,40,461,1279,1184,1500,330,3
SAL13195,Penrith,17966,36,812,1850,1397,1783,380,2.1
SAL10779,Campbelltown (NSW),16577,34,739,1834,1432,2000,390,2.4
SAL10846,Castle Hill (NSW),40874,42,931,2858,2551,3000,560,3
SAL11943,Hornsby,22462,38,890,2284,1952,2240,440,2.5
SAL10891,Chatswood,25553,37,938,2455,2158,2858,577,2.5
SAL12485,Manly (NSW),16296,38,1595,4266,3164,3467,725,2.2
SAL11120,Cronulla,17899,43,1179,2719,2058,2404,500,2.1
SAL11971,Hurstville,31162,33,698,1802,1804,2167,470,2.8
SAL10181,Bankstown,34933,34,542,1436,1331,1800,400,2.9
SAL10107,Auburn (NSW),39333,31,580,1440,1533,2000,410,3.3
SAL12514,Marrickville,26570,37,1077,2714,2170,2600,480,2.3
SAL13325,Randwick,28943,36,1336,3255,2422,3000,572,2.2
SAL12096,Kellyville,27011,38,1049,3122,3044,3000,630,3.3
SAL12767,Mount Druitt,16986,33,608,1625,1478,1815,355,3.1
SAL13444,Rouse Hill,11349,34,1089,2935,2643,2730,500,3
SAL13690,Strathfield (NSW),25915,32,815,2423,2262,2765,480,2.8
SAL11431,Epping (NSW),29551,36,946,2445,2243,2600,500,2.8
SAL11229,Dee Why,23354,36,1065,2460,2106,2457,550,2.3
SAL13658,St Marys (NSW),13256,34,754,1747,1437,1847,365,2.5
